霍伊特团队,9.7,剧情,美国,https://movie.douban.com/subject/2006101/,https://img3.doubanio.com/view/photo/s_ratio_poster/public/p2329853674.jpg
肖申克的救赎,9.6,剧情,美国,https://movie.douban.com/subject/1292052/,https://img3.doubanio.com/view/photo/s_ratio_poster/public/p480747492.jpg
控方证人,9.6,剧情,美国,https://movie.douban.com/subject/1296141/,https://img1.doubanio.com/view/photo/s_ratio_poster/public/p1505392928.jpg
威尔和格蕾丝 告别秀,9.6,剧情,美国,https://movie.douban.com/subject/2263259/,https://img1.doubanio.com/view/photo/s_ratio_poster/public/p2408281629.jpg
迈克尔·杰克逊：音乐历史专辑全集,9.6,剧情,美国,https://movie.douban.com/subject/2122919/,https://img3.doubanio.com/lpic/s2541232.jpg
演员工作室：老爸老妈的浪漫史,9.5,剧情,美国,https://movie.douban.com/subject/25855990/,https://img3.doubanio.com/view/photo/s_ratio_poster/public/p2176444996.jpg
NBA黄金50周年纪念特辑,9.6,剧情,美国,https://movie.douban.com/subject/3145883/,https://img3.doubanio.com/view/photo/s_ratio_poster/public/p2381286642.jpg
天使在美国第二部：重建,9.5,剧情,美国,https://movie.douban.com/subject/27045950/,https://img3.doubanio.com/view/photo/s_ratio_poster/public/p2474462430.jpg
AFI终身成就奖：向阿尔帕西诺致敬,9.6,剧情,美国,https://movie.douban.com/subject/4832752/,https://img3.doubanio.com/view/photo/s_ratio_poster/public/p1586263052.jpg
拉娜·德雷：西海岸,9.4,剧情,美国,https://movie.douban.com/subject/25940511/,https://img3.doubanio.com/view/photo/s_ratio_poster/public/p2193232040.jpg
豪斯医生完季特别篇：天鹅挽歌,9.5,剧情,美国,https://movie.douban.com/subject/10757823/,https://img3.doubanio.com/view/photo/s_ratio_poster/public/p2201534004.jpg
怪诞小镇特别篇：松林之间,9.5,剧情,美国,https://movie.douban.com/subject/26744258/,https://img3.doubanio.com/view/photo/s_ratio_poster/public/p2324315416.jpg
跳出我天地音乐剧,9.4,剧情,美国,https://movie.douban.com/subject/26264388/,https://img3.doubanio.com/view/photo/s_ratio_poster/public/p2215874393.jpg
阿甘正传,9.4,剧情,美国,https://movie.douban.com/subject/1292720/,https://img1.doubanio.com/view/photo/s_ratio_poster/public/p510876377.jpg
辛德勒的名单,9.4,剧情,美国,https://movie.douban.com/subject/1295124/,https://img3.doubanio.com/view/photo/s_ratio_poster/public/p492406163.jpg
十二怒汉,9.4,剧情,美国,https://movie.douban.com/subject/1293182/,https://img3.doubanio.com/view/photo/s_ratio_poster/public/p2173577632.jpg
十二怒汉,9.4,剧情,美国,https://movie.douban.com/subject/10583098/,https://img3.doubanio.com/view/photo/s_ratio_poster/public/p2153875961.jpg
控方证人,9.4,剧情,美国,https://movie.douban.com/subject/5294851/,https://img3.doubanio.com/view/photo/s_ratio_poster/public/p2367853261.jpg
绝不折中：绝命毒师最终季制作记录,9.4,剧情,美国,https://movie.douban.com/subject/25779043/,https://img3.doubanio.com/view/photo/s_ratio_poster/public/p2208788564.jpg
疑犯追踪 试播集,9.4,剧情,美国,https://movie.douban.com/subject/24700683/,https://img1.doubanio.com/view/photo/s_ratio_poster/public/p1974739828.jpg
大话西游之大圣娶亲,9.2,动作,香港,https://movie.douban.com/subject/1292213/,https://img3.doubanio.com/view/photo/s_ratio_poster/public/p2455050536.jpg
无间道,9.0,动作,香港,https://movie.douban.com/subject/1307914/,https://img3.doubanio.com/view/photo/s_ratio_poster/public/p2233971046.jpg
上海滩,9.0,动作,香港,https://movie.douban.com/subject/6311260/,https://img3.doubanio.com/view/photo/s_ratio_poster/public/p2344833803.jpg
李小龙：勇士的旅程,9.0,动作,香港,https://movie.douban.com/subject/1305710/,https://img3.doubanio.com/view/photo/s_ratio_poster/public/p2267330935.jpg
剧院魅影：25周年纪念演出,9.7,剧情,英国,https://movie.douban.com/subject/24751811/,https://img3.doubanio.com/view/photo/s_ratio_poster/public/p2006533765.jpg
憨豆先生精选辑,9.6,剧情,英国,https://movie.douban.com/subject/5133063/,https://img3.doubanio.com/view/photo/s_ratio_poster/public/p2354179225.jpg
天使在美国第二部：重建,9.5,剧情,英国,https://movie.douban.com/subject/27045950/,https://img3.doubanio.com/view/photo/s_ratio_poster/public/p2474462430.jpg
时空冒险,9.5,剧情,英国,https://movie.douban.com/subject/24298647/,https://img3.doubanio.com/view/photo/s_ratio_poster/public/p2173858926.jpg
跳出我天地音乐剧,9.4,剧情,英国,https://movie.douban.com/subject/26264388/,https://img3.doubanio.com/view/photo/s_ratio_poster/public/p2215874393.jpg
绿洲MTV不插电演唱会,9.5,剧情,英国,https://movie.douban.com/subject/3827301/,https://img3.doubanio.com/lpic/s4099993.jpg
飄,9.4,剧情,英国,https://movie.douban.com/subject/26555978/,https://img3.doubanio.com/view/photo/s_ratio_poster/public/p2256610543.jpg
文艺趣向,9.6,剧情,英国,https://movie.douban.com/subject/26637592/,https://img3.doubanio.com/view/photo/s_ratio_poster/public/p2325812941.jpg
唐顿庄园：2015圣诞特别篇,9.4,剧情,英国,https://movie.douban.com/subject/26320001/,https://img3.doubanio.com/view/photo/s_ratio_poster/public/p2292519115.jpg
神秘博士特别篇：时间尽头(下),9.4,剧情,英国,https://movie.douban.com/subject/4215755/,https://img1.doubanio.com/view/photo/s_ratio_poster/public/p2151699747.jpg
弗兰肯斯坦,9.4,剧情,英国,https://movie.douban.com/subject/10508921/,https://img3.doubanio.com/view/photo/s_ratio_poster/public/p2252273146.jpg
控方证人,9.4,剧情,英国,https://movie.douban.com/subject/5294851/,https://img3.doubanio.com/view/photo/s_ratio_poster/public/p2367853261.jpg
小巨人 3D,9.3,剧情,英国,https://movie.douban.com/subject/26278784/,https://img3.doubanio.com/view/photo/s_ratio_poster/public/p2231894202.jpg
神秘博士2005慈善特辑：帮助儿童,9.4,剧情,英国,https://movie.douban.com/subject/10577674/,https://img3.doubanio.com/view/photo/s_ratio_poster/public/p1826505672.jpg
博弈论,9.4,剧情,英国,https://movie.douban.com/subject/3272459/,https://img3.doubanio.com/view/photo/s_ratio_poster/public/p2254959230.jpg
天使在美国第一部：千禧年降临,9.4,剧情,英国,https://movie.douban.com/subject/27021257/,https://img3.doubanio.com/view/photo/s_ratio_poster/public/p2455727120.jpg
Christina Aguilera: Back to Basics - Live and Down Under,9.4,剧情,英国,https://movie.douban.com/subject/3060405/,https://img3.doubanio.com/view/photo/s_ratio_poster/public/p2498697744.jpg
保罗·爱丁顿：好人一生,9.4,剧情,英国,https://movie.douban.com/subject/5990158/,https://img3.doubanio.com/lpic/s4644832.jpg
盗梦空间,9.3,剧情,英国,https://movie.douban.com/subject/3541415/,https://img3.doubanio.com/view/photo/s_ratio_poster/public/p513344864.jpg
极品基老伴：完结篇,9.3,剧情,英国,https://movie.douban.com/subject/26700818/,https://img3.doubanio.com/view/photo/s_ratio_poster/public/p2360539785.jpg
